hive,sessions,total_hours,total_pages,avg_wall_clock_hours,avg_pages_per_hour,avg_lines_per_hour,avg_cost_per_page,avg_cost_per_file,avg_agent_utilization,avg_tokens_per_artifact,avg_rework_ratio
GI-JOE,13,7.516666666666667,380,1.8791666666666667,10.910037878787879,896.8390151515151,,,0.9821428571428571,,0.12278843663459046
MACQ,2,10.0,167,5.0,16.666666666666664,940.6666666666666,,,1.0,,0.08333333333333333
PostWach,85,224.1,2380.8,3.6737704918032787,47.1905558768007,2146.984374188455,,,0.9267628205128206,,0.0896138040126815
Roadmapping,1,1.5,0,1.5,0.0,52300.0,,,,,0.0035087719298245615
SEAD,5,6.783333333333333,31,2.261111111111111,10.344954128440367,442.47706422018354,,,1.0,,0.12857142857142856
SysMLv2,4,1.75,47,1.75,8.0,2004.0,,,1.0,,0.05959595959595959
